Country,Year,Employment,Employment ratio,Gender Wage Gap,Maternity Parental Leave,Maternity Weeks,Parliament Seats,Senior Managers,Youth Unemployment
Brazil,1974,0,0,0,0,0,0,0,0
Canada,1974,,,,0,15,,,
Italy,1974,,,,26,21.7,,,
Czech Republic,1974,,,,86,26,,,
Luxembourg,1974,,,,0,12,,,
France,1974,,,,0,14,,,
Slovak Republic,1974,,,,86,26,,,
Ireland,1974,,,,0,12,,,
Norway,1974,,,,0,12,,,
Australia,1974,,,,0,0,,,
Iceland,1974,,,,0,0,,,
OECD average,1974,,,,18.8,11.5,,,
Slovenia,1974,,,,,,,,
China,1974,,,,,,,,
Chile,1974,,,,,,,,
Belgium,1974,,,,0,14,,,
Germany,1974,,,,0,14,,,
Spain,1974,,,,0,12,,,
Israel*,1974,,,,,,,,
Netherlands,1974,,,,0,12,,,
Denmark,1974,,,,0,14,,,
Poland,1974,,,,156,16,,,
Indonesia,1974,,,,,,,,
Turkey,1974,,,,0,12,,,
United States,1974,,,,0,0,,,
Russian Federation,1974,,,,,,,,
Sweden,1974,,,,17.4,8.6,,,
Korea,1974,,,,0,0,,,
Finland,1974,,,,0,12,,,
Japan,1974,,,,0,12,,,
Switzerland,1974,,,,0,8,,,
New Zealand,1974,,,,0,0,,,
Portugal,1974,,,,0,9,,,
Estonia,1974,,,,,,,,
Mexico,1974,,,,0,4.3,,,
South Africa,1974,,,,,,,,
India,1974,,,,,,,,
United Kingdom,1974,,,,0,18,,,
Austria,1974,,,,44,16,,,
Greece,1974,,,,0,12,,,
Hungary,1974,,,,150,12,,,
Brazil,1977,,,,,,,,
Canada,1977,,,,0,17,,,
Italy,1977,,,,26,21.7,,,
Czech Republic,1977,,,,86,26,,,
Luxembourg,1977,,,,0,16,,,
France,1977,,,,0,14,,,
Slovak Republic,1977,,,,86,26,,,
Ireland,1977,,,,0,12,,,
Norway,1977,,,,0,12,,,
Australia,1977,,,,0,0,,,
Iceland,1977,,,,0,13,,,
OECD average,1977,,,,19,13.9,,,
Slovenia,1977,,,,,,,,
China,1977,,,,,,,,
Chile,1977,,,,,,,,
Belgium,1977,,,,0,14,,,
Germany,1977,,,,0,14,,,
Spain,1977,,,,0,14,,,
Israel*,1977,,,,,,,,
Netherlands,1977,,,,0,12,,,
Denmark,1977,,,,0,14,,,
Poland,1977,,,,156,16,,,
Indonesia,1977,,,,,,,,
Turkey,1977,,,,0,12,,,
United States,1977,,,,0,0,,,
Russian Federation,1977,,,,,,,,
Sweden,1977,,,,21,8.6,,,
Korea,1977,,,,0,0,,,
Finland,1977,,,,0,29,,,
Japan,1977,,,,0,12,,,
Switzerland,1977,,,,0,8,,,
New Zealand,1977,,,,0,0,,,
Portugal,1977,,,,0,12.9,,,
Estonia,1977,,,,,,,,
Mexico,1977,,,,0,12,,,
South Africa,1977,,,,,,,,
India,1977,,,,,,,,
United Kingdom,1977,,,,0,40,,,
Austria,1977,,,,44,16,,,
Greece,1977,,,,0,12,,,
Hungary,1977,,,,150,12,,,
Brazil,1986,,,,,,,,
Canada,1986,,,,0,17,,,
Italy,1986,,,,26,21.7,,,
Czech Republic,1986,,,,86,26,,,
Luxembourg,1986,,,,0,16,,,
France,1986,,,,146,16,,,
Slovak Republic,1986,,,,86,26,,,
Ireland,1986,,,,0,18,,,
Norway,1986,,,,64,6,,,
Australia,1986,,,,0,0,,,
Iceland,1986,,,,4.3,8.7,,,
OECD average,1986,,,,35.2,14.5,,,
Slovenia,1986,,,,,,,,
China,1986,,,,,,,,
Chile,1986,,,,,,,,
Belgium,1986,,,,0,14,,,
Germany,1986,,,,35,14,,,
Spain,1986,,,,0,14,,,
Israel*,1986,,,,,,,,
Netherlands,1986,,,,0,12,,,
Denmark,1986,,,,0,18,,,
Poland,1986,,,,156,16,,,
Indonesia,1986,,,,,,,,
Turkey,1986,,,,26,12,,,
United States,1986,,,,0,0,,,
Russian Federation,1986,,,,,,,,
Sweden,1986,,,,78,8.6,,,
Korea,1986,,,,0,0,,,
Finland,1986,,,,142.3,16.7,,,
Japan,1986,,,,0,14,,,
Switzerland,1986,,,,0,8,,,
New Zealand,1986,,,,0,26,,,
Portugal,1986,,,,0,12.9,,,
Estonia,1986,,,,,,,,
Mexico,1986,,,,0,12,,,
South Africa,1986,,,,,,,,
India,1986,,,,,,,,
United Kingdom,1986,,,,0,40,,,
Austria,1986,,,,44,16,,,
Greece,1986,,,,13,14,,,
Hungary,1986,,,,150,12,,,
Brazil,1987,,,,,,,,
Canada,1987,,,,0,17,,,
Italy,1987,,,,26,21.7,,,
Czech Republic,1987,,,,86,26,,,
Luxembourg,1987,,,,0,16,,,
France,1987,,,,146,16,,,
Slovak Republic,1987,,,,86,26,,,
Ireland,1987,,,,0,18,,,
Norway,1987,,,,66,6,,,
Australia,1987,,,,0,0,,,
Iceland,1987,,,,4.3,8.7,,,
OECD average,1987,,,,35.3,14.5,,,
Slovenia,1987,,,,,,,,
China,1987,,,,,,,,
Chile,1987,,,,,,,,
Belgium,1987,,,,0,14,,,
Germany,1987,,,,35,14,,,
Spain,1987,,,,0,14,,,
Israel*,1987,,,,,,,,
Netherlands,1987,,,,0,12,,,
Denmark,1987,,,,0,18,,,
Poland,1987,,,,156,16,,,
Indonesia,1987,,,,,,,,
Turkey,1987,,,,26,12,,,
United States,1987,,,,0,0,,,
Russian Federation,1987,,,,,,,,
Sweden,1987,,,,78,8.6,,,
Korea,1987,,,,0,0,,,
Finland,1987,,,,141.5,17.5,,,
Japan,1987,,,,0,14,,,
Switzerland,1987,,,,0,8,,,
New Zealand,1987,,,,0,26,,,
Portugal,1987,,,,0,12.9,,,
Estonia,1987,,,,,,,,
Mexico,1987,,,,0,12,,,
South Africa,1987,,,,,,,,
India,1987,,,,,,,,
United Kingdom,1987,,,,0,40,,,
Austria,1987,,,,44,16,,,
Greece,1987,,,,13,14,,,
Hungary,1987,,,,150,12,,,
Brazil,1984,,,,,,,,
Canada,1984,,,,0,17,,,
Italy,1984,,,,26,21.7,,,
Czech Republic,1984,,,,86,26,,,
Luxembourg,1984,,,,0,16,,,
France,1984,,,,96,16,,,
Slovak Republic,1984,,,,86,26,,,
Ireland,1984,,,,0,18,,,
Norway,1984,,,,64,6,,,
Australia,1984,,,,0,0,,,
Iceland,1984,,,,4.3,8.7,,,
OECD average,1984,,,,27.8,15.3,,,
Slovenia,1984,,,,,,,,
China,1984,,,,,,,,
Chile,1984,,,,,,,,
Belgium,1984,,,,0,14,,,
Germany,1984,,,,0,31.3,,,
Spain,1984,,,,0,14,,,
Israel*,1984,,,,,,,,
Netherlands,1984,,,,0,12,,,
Denmark,1984,,,,0,18,,,
Poland,1984,,,,156,16,,,
Indonesia,1984,,,,,,,,
Turkey,1984,,,,26,12,,,
United States,1984,,,,0,0,,,
Russian Federation,1984,,,,,,,,
Sweden,1984,,,,78,8.6,,,
Korea,1984,,,,0,0,,,
Finland,1984,,,,16.7,24.3,,,
Japan,1984,,,,0,12,,,
Switzerland,1984,,,,0,8,,,
New Zealand,1984,,,,0,26,,,
Portugal,1984,,,,0,12.9,,,
Estonia,1984,,,,,,,,
Mexico,1984,,,,0,12,,,
South Africa,1984,,,,,,,,
India,1984,,,,,,,,
United Kingdom,1984,,,,0,40,,,
Austria,1984,,,,44,16,,,
Greece,1984,,,,0,14,,,
Hungary,1984,,,,150,12,,,
Brazil,1985,,,,,,,,
Canada,1985,,,,0,17,,,
Italy,1985,,,,26,21.7,,,
Czech Republic,1985,,,,86,26,,,
Luxembourg,1985,,,,0,16,,,
France,1985,,,,96,16,,,
Slovak Republic,1985,,,,86,26,,,
Ireland,1985,,,,0,18,,,
Norway,1985,,,,64,6,,,
Australia,1985,,,,0,0,,,
Iceland,1985,,,,4.3,8.7,,,
OECD average,1985,,,,32.4,15,,,
Slovenia,1985,,,,,,,,
China,1985,,,,,,,,
Chile,1985,,,,,,,,
Belgium,1985,,,,0,14,,,
Germany,1985,,,,0,31.3,,,
Spain,1985,,,,0,14,,,
Israel*,1985,,,,,,,,
Netherlands,1985,,,,0,12,,,
Denmark,1985,,,,0,18,,,
Poland,1985,,,,156,16,,,
Indonesia,1985,,,,,,,,
Turkey,1985,,,,26,12,,,
United States,1985,,,,0,0,,,
Russian Federation,1985,,,,,,,,
Sweden,1985,,,,78,8.6,,,
Korea,1985,,,,0,0,,,
Finland,1985,,,,142.3,16.7,,,
Japan,1985,,,,0,12,,,
Switzerland,1985,,,,0,8,,,
New Zealand,1985,,,,0,26,,,
Portugal,1985,,,,0,12.9,,,
Estonia,1985,,,,,,,,
Mexico,1985,,,,0,12,,,
South Africa,1985,,,,,,,,
India,1985,,,,,,,,
United Kingdom,1985,,,,0,40,,,
Austria,1985,,,,44,16,,,
Greece,1985,,,,13,14,,,
Hungary,1985,,,,150,12,,,
Brazil,1982,,,,,,,,
Canada,1982,,,,0,17,,,
Italy,1982,,,,26,21.7,,,
Czech Republic,1982,,,,86,26,,,
Luxembourg,1982,,,,0,16,,,
France,1982,,,,96,16,,,
Slovak Republic,1982,,,,86,26,,,
Ireland,1982,,,,0,18,,,
Norway,1982,,,,64,6,,,
Australia,1982,,,,0,0,,,
Iceland,1982,,,,4.3,8.7,,,
OECD average,1982,,,,26.9,15.2,,,
Slovenia,1982,,,,,,,,
China,1982,,,,,,,,
Chile,1982,,,,,,,,
Belgium,1982,,,,0,14,,,
Germany,1982,,,,0,31.3,,,
Spain,1982,,,,0,14,,,
Israel*,1982,,,,,,,,
Netherlands,1982,,,,0,12,,,
Denmark,1982,,,,0,18,,,
Poland,1982,,,,156,16,,,
Indonesia,1982,,,,,,,,
Turkey,1982,,,,0,12,,,
United States,1982,,,,0,0,,,
Russian Federation,1982,,,,,,,,
Sweden,1982,,,,78,8.6,,,
Korea,1982,,,,0,0,,,
Finland,1982,,,,16.7,24.3,,,
Japan,1982,,,,0,12,,,
Switzerland,1982,,,,0,8,,,
New Zealand,1982,,,,0,26,,,
Portugal,1982,,,,0,12.9,,,
Estonia,1982,,,,,,,,
Mexico,1982,,,,0,12,,,
South Africa,1982,,,,,,,,
India,1982,,,,,,,,
United Kingdom,1982,,,,0,40,,,
Austria,1982,,,,44,16,,,
Greece,1982,,,,0,12,,,
Hungary,1982,,,,150,12,,,
Brazil,1983,,,,,,,,
Canada,1983,,,,0,17,,,
Italy,1983,,,,26,21.7,,,
Czech Republic,1983,,,,86,26,,,
Luxembourg,1983,,,,0,16,,,
France,1983,,,,96,16,,,
Slovak Republic,1983,,,,86,26,,,
Ireland,1983,,,,0,18,,,
Norway,1983,,,,64,6,,,
Australia,1983,,,,0,0,,,
Iceland,1983,,,,4.3,8.7,,,
OECD average,1983,,,,26.9,15.2,,,
Slovenia,1983,,,,,,,,
China,1983,,,,,,,,
Chile,1983,,,,,,,,
Belgium,1983,,,,0,14,,,
Germany,1983,,,,0,31.3,,,
Spain,1983,,,,0,14,,,
Israel*,1983,,,,,,,,
Netherlands,1983,,,,0,12,,,
Denmark,1983,,,,0,18,,,
Poland,1983,,,,156,16,,,
Indonesia,1983,,,,,,,,
Turkey,1983,,,,0,12,,,
United States,1983,,,,0,0,,,
Russian Federation,1983,,,,,,,,
Sweden,1983,,,,78,8.6,,,
Korea,1983,,,,0,0,,,
Finland,1983,,,,16.7,24.3,,,
Japan,1983,,,,0,12,,,
Switzerland,1983,,,,0,8,,,
New Zealand,1983,,,,0,26,,,
Portugal,1983,,,,0,12.9,,,
Estonia,1983,,,,,,,,
Mexico,1983,,,,0,12,,,
South Africa,1983,,,,,,,,
India,1983,,,,,,,,
United Kingdom,1983,,,,0,40,,,
Austria,1983,,,,44,16,,,
Greece,1983,,,,0,12,,,
Hungary,1983,,,,150,12,,,
Brazil,1980,,,,,,,,
Canada,1980,,,,0,17,,,
Italy,1980,,,,26,21.7,,,
Czech Republic,1980,,,,86,26,,,
Luxembourg,1980,,,,0,16,,,
France,1980,,,,96,16,,,
Slovak Republic,1980,,,,86,26,,,
Ireland,1980,,,,0,12,,,
Norway,1980,,,,64,6,,,
Australia,1980,,,,0,0,,,
Iceland,1980,,,,0,13,,,
OECD average,1980,,,,26,14.6,,,
Slovenia,1980,,,,,,,,
China,1980,,,,,,,,
Chile,1980,,,,,,,,
Belgium,1980,,,,0,14,,,
Germany,1980,,,,0,31.3,,,
Spain,1980,,,,0,14,,,
Israel*,1980,,,,,,,,
Netherlands,1980,,,,0,12,,,
Denmark,1980,,,,0,18,,,
Poland,1980,,,,156,16,,,
Indonesia,1980,,,,,,,,
Turkey,1980,,,,0,12,,,
United States,1980,,,,0,0,,,
Russian Federation,1980,,,,,,,,
Sweden,1980,,,,68.6,8.6,,,
Korea,1980,,,,0,0,,,
Finland,1980,,,,4,33,,,
Japan,1980,,,,0,12,,,
Switzerland,1980,,,,0,8,,,
New Zealand,1980,,,,0,0,,,
Portugal,1980,,,,0,12.9,,,
Estonia,1980,,,,,,,,
Mexico,1980,,,,0,12,,,
South Africa,1980,,,,,,,,
India,1980,,,,,,,,
United Kingdom,1980,,,,0,40,,,
Austria,1980,,,,44,16,,,
Greece,1980,,,,0,12,,,
Hungary,1980,,,,150,12,,,
Brazil,1981,,,,,,,,
Canada,1981,,,,0,17,,,
Italy,1981,,,,26,21.7,,,
Czech Republic,1981,,,,86,26,,,
Luxembourg,1981,,,,0,16,,,
France,1981,,,,96,16,,,
Slovak Republic,1981,,,,86,26,,,
Ireland,1981,,,,0,18,,,
Norway,1981,,,,64,6,,,
Australia,1981,,,,0,0,,,
Iceland,1981,,,,4.3,8.7,,,
OECD average,1981,,,,26.6,15.5,,,
Slovenia,1981,,,,,,,,
China,1981,,,,,,,,
Chile,1981,,,,,,,,
Belgium,1981,,,,0,14,,,
Germany,1981,,,,0,31.3,,,
Spain,1981,,,,0,14,,,
Israel*,1981,,,,,,,,
Netherlands,1981,,,,0,12,,,
Denmark,1981,,,,0,18,,,
Poland,1981,,,,156,16,,,
Indonesia,1981,,,,,,,,
Turkey,1981,,,,0,12,,,
United States,1981,,,,0,0,,,
Russian Federation,1981,,,,,,,,
Sweden,1981,,,,78.4,8.6,,,
Korea,1981,,,,0,0,,,
Finland,1981,,,,6,33,,,
Japan,1981,,,,0,12,,,
Switzerland,1981,,,,0,8,,,
New Zealand,1981,,,,0,26,,,
Portugal,1981,,,,0,12.9,,,
Estonia,1981,,,,,,,,
Mexico,1981,,,,0,12,,,
South Africa,1981,,,,,,,,
India,1981,,,,,,,,
United Kingdom,1981,,,,0,40,,,
Austria,1981,,,,44,16,,,
Greece,1981,,,,0,12,,,
Hungary,1981,,,,150,12,,,
Brazil,1979,,,,,,,,
Canada,1979,,,,0,17,,,
Italy,1979,,,,26,21.7,,,
Czech Republic,1979,,,,86,26,,,
Luxembourg,1979,,,,0,16,,,
France,1979,,,,96,16,,,
Slovak Republic,1979,,,,86,26,,,
Ireland,1979,,,,0,12,,,
Norway,1979,,,,64,6,,,
Australia,1979,,,,0,0,,,
Iceland,1979,,,,0,13,,,
OECD average,1979,,,,25.9,14.5,,,
Slovenia,1979,,,,,,,,
China,1979,,,,,,,,
Chile,1979,,,,,,,,
Belgium,1979,,,,0,14,,,
Germany,1979,,,,0,31.3,,,
Spain,1979,,,,0,14,,,
Israel*,1979,,,,,,,,
Netherlands,1979,,,,0,12,,,
Denmark,1979,,,,0,14,,,
Poland,1979,,,,156,16,,,
Indonesia,1979,,,,,,,,
Turkey,1979,,,,0,12,,,
United States,1979,,,,0,0,,,
Russian Federation,1979,,,,,,,,
Sweden,1979,,,,68.6,8.6,,,
Korea,1979,,,,0,0,,,
Finland,1979,,,,0,35,,,
Japan,1979,,,,0,12,,,
Switzerland,1979,,,,0,8,,,
New Zealand,1979,,,,0,0,,,
Portugal,1979,,,,0,12.9,,,
Estonia,1979,,,,,,,,
Mexico,1979,,,,0,12,,,
South Africa,1979,,,,,,,,
India,1979,,,,,,,,
United Kingdom,1979,,,,0,40,,,
Austria,1979,,,,44,16,,,
Greece,1979,,,,0,12,,,
Hungary,1979,,,,150,12,,,
Brazil,1988,,,,,,,,
Canada,1988,,,,0,17,,,
Italy,1988,,,,26,21.7,,,
Czech Republic,1988,,,,134,28,,,
Luxembourg,1988,,,,0,16,,,
France,1988,,,,146,16,,,
Slovak Republic,1988,,,,134,28,,,
Ireland,1988,,,,0,18,,,
Norway,1988,,,,66,6,,,
Australia,1988,,,,0,0,,,
Iceland,1988,,,,8.7,8.7,,,
OECD average,1988,,,,42.1,14.1,,,
Slovenia,1988,,,,,,,,
China,1988,,,,,,,,
Chile,1988,,,,,,,,
Belgium,1988,,,,0,14,,,
Germany,1988,,,,43,14,,,
Spain,1988,,,,0,14,,,
Israel*,1988,,,,,,,,
Netherlands,1988,,,,0,12,,,
Denmark,1988,,,,0,18,,,
Poland,1988,,,,156,16,,,
Indonesia,1988,,,,,,,,
Turkey,1988,,,,26,12,,,
United States,1988,,,,0,0,,,
Russian Federation,1988,,,,,,,,
Sweden,1988,,,,78,8.6,,,
Korea,1988,,,,43.5,8.5,,,
Finland,1988,,,,141.5,17.5,,,
Japan,1988,,,,0,14,,,
Switzerland,1988,,,,0,8,,,
New Zealand,1988,,,,52,0,,,
Portugal,1988,,,,0,12.9,,,
Estonia,1988,,,,,,,,
Mexico,1988,,,,0,12,,,
South Africa,1988,,,,,,,,
India,1988,,,,,,,,
United Kingdom,1988,,,,0,40,,,
Austria,1988,,,,44,16,,,
Greece,1988,,,,13,14,,,
Hungary,1988,,,,150,12,,,
Brazil,1989,,,,,,,,
Canada,1989,,,,0,17,,,
Italy,1989,,,,26,21.7,,,
Czech Republic,1989,,,,134,28,,,
Luxembourg,1989,,,,0,16,,,
France,1989,,,,146,16,,,
Slovak Republic,1989,,,,134,28,,,
Ireland,1989,,,,0,18,,,
Norway,1989,,,,70,6,,,
Australia,1989,,,,0,0,,,
Iceland,1989,,,,13,8.7,,,
OECD average,1989,,,,44.4,14.2,,,
Slovenia,1989,,,,,,,,
China,1989,,,,,,,,
Chile,1989,,,,,,,,
Belgium,1989,,,,0,14,,,
Germany,1989,,,,43,14,,,
Spain,1989,,,,52,16,,,
Israel*,1989,,,,,,,,
Netherlands,1989,,,,0,12,,,
Denmark,1989,,,,10,18,,,
Poland,1989,,,,156,16,,,
Indonesia,1989,,,,,,,,
Turkey,1989,,,,26,12,,,
United States,1989,,,,0,0,,,
Russian Federation,1989,,,,,,,,
Sweden,1989,,,,78,8.6,,,
Korea,1989,,,,43.5,8.5,,,
Finland,1989,,,,141.5,17.5,,,
Japan,1989,,,,0,14,,,
Switzerland,1989,,,,0,8,,,
New Zealand,1989,,,,52,0,,,
Portugal,1989,,,,0,12.9,,,
Estonia,1989,,,,,,,,
Mexico,1989,,,,0,12,,,
South Africa,1989,,,,,,,,
India,1989,,,,,,,,
United Kingdom,1989,,,,0,40,,,
Austria,1989,,,,44,16,,,
Greece,1989,,,,13,15,,,
Hungary,1989,,,,150,12,,,
Brazil,1976,,,,,,,,
Canada,1976,,,,0,17,,,
Italy,1976,,,,26,21.7,,,
Czech Republic,1976,,,,86,26,,,
Luxembourg,1976,,,,0,16,,,
France,1976,,,,0,14,,,
Slovak Republic,1976,,,,86,26,,,
Ireland,1976,,,,0,12,,,
Norway,1976,,,,0,12,,,
Australia,1976,,,,0,0,,,
Iceland,1976,,,,0,13,,,
OECD average,1976,,,,19,13.9,,,
Slovenia,1976,,,,,,,,
China,1976,,,,,,,,
Chile,1976,,,,,,,,
Belgium,1976,,,,0,14,,,
Germany,1976,,,,0,14,,,
Spain,1976,,,,0,14,,,
Israel*,1976,,,,,,,,
Netherlands,1976,,,,0,12,,,
Denmark,1976,,,,0,14,,,
Poland,1976,,,,156,16,,,
Indonesia,1976,,,,,,,,
Turkey,1976,,,,0,12,,,
United States,1976,,,,0,0,,,
Russian Federation,1976,,,,,,,,
Sweden,1976,,,,21,8.6,,,
Korea,1976,,,,0,0,,,
Finland,1976,,,,0,29,,,
Japan,1976,,,,0,12,,,
Switzerland,1976,,,,0,8,,,
New Zealand,1976,,,,0,0,,,
Portugal,1976,,,,0,12.9,,,
Estonia,1976,,,,,,,,
Mexico,1976,,,,0,12,,,
South Africa,1976,,,,,,,,
India,1976,,,,,,,,
United Kingdom,1976,,,,0,40,,,
Austria,1976,,,,44,16,,,
Greece,1976,,,,0,12,,,
Hungary,1976,,,,150,12,,,
Brazil,2011,,,,,,8.6,,
Canada,2011,62.3,56.4,19.2,35,17,24.7,,12.4
Italy,2011,38.5,15.5,,26,21.7,21.3,2.4,32.1
Czech Republic,2011,49.5,19.9,,134,28,22,2.8,17.9
Luxembourg,2011,50.3,18.5,,26,16,20,2.4,20.8
France,2011,51.7,26.9,,146,16,18.9,6.2,23.2
Slovak Republic,2011,50.4,15.1,,0,28,16,3.7,33.6
Ireland,2011,53.3,30.4,,14,42,14.5,5.3,24.2
Norway,2011,68.7,52.4,7.8,79,9,39.6,4.3,7.9
Australia,2011,59,60.4,,46,6,24.7,,10.8
Iceland,2011,77,67.8,,26,13,42.9,7.5,10.7
OECD average,2011,53.3,35.9,,50.7,17.5,25.2,4.4,19
Slovenia,2011,52.3,26.9,,,,14.4,6.9,16.8
China,2011,67.7,,,,,21.3,,
Chile,2011,47.4,25.3,,,,14.2,,21.1
Belgium,2011,47,24.2,,13,15,39.3,4.7,18.7
Germany,2011,54.1,46.1,,148,14,32.8,3.2,7.8
Spain,2011,52.9,24,,52,16,36.6,3.3,44.4
Israel*,2011,52.6,28.5,,,,19.2,,11.3
Netherlands,2011,59,64.4,,26,16,39.3,4.7,7.9
Denmark,2011,59.6,58.5,,32,18,38,1.6,12.7
Poland,2011,48.4,20.1,,156,22,20,5.2,28.9
Indonesia,2011,51.2,,,,,18,,
Turkey,2011,28.8,21.2,,26,16,14.2,,20.7
United States,2011,58.1,44.9,17.8,12,0,16.7,,15.7
Russian Federation,2011,56,31.7,,,,14,,15.7
Sweden,2011,68,40.9,,51.4,8.6,45,4,22
Korea,2011,49.7,27.7,37.5,0,12.8,15.6,,8.1
Finland,2011,63.6,41.3,,143.5,17.5,42.5,3.4,18.4
Japan,2011,48.3,40.2,27.4,44,14,11.3,,7.1
Switzerland,2011,60.8,61.7,,0,14,29,5.7,7.9
New Zealand,2011,62.5,48.3,4.2,0,14,33.6,,16.1
Portugal,2011,55.2,24.9,,0,10.6,26.5,4.3,31.7
Estonia,2011,56.1,29.2,,,,19.8,6.5,20.7
Mexico,2011,42.7,29.5,,0,12,26.2,,10.4
South Africa,2011,44.3,10.5,,,,44.5,,55
India,2011,29,,,,,10.8,,
United Kingdom,2011,56.7,49.2,18.2,13,52,22,7.5,17.7
Austria,2011,54.8,50.1,,96,16,27.9,3,8.8
Greece,2011,43.9,12.9,,41.2,17,17.3,2.4,51.5
Hungary,2011,49.4,16.7,6.9,136,24,9.1,5,24.6
Brazil,2010,,,,,,8.8,,
Canada,2010,62.4,56.6,18.8,35,17,22.1,,12.4
Italy,2010,38.2,16.5,10.6,26,21.7,21.3,6.3,29.4
Czech Republic,2010,49.3,20.6,,134,28,22,3.5,18.5
Luxembourg,2010,49.8,20.3,,26,16,20,2.6,10.2
France,2010,51.8,27.2,,146,16,18.9,7.2,23.7
Slovak Republic,2010,51.8,17.3,14.8,0,28,15.3,4.7,32
Ireland,2010,53.5,32.6,10.7,14,42,13.9,10.9,22.4
Norway,2010,68.7,52.7,8.1,79,9,39.6,4.3,7.7
Australia,2010,58.7,59.8,14,46,6,24.7,,11.1
Iceland,2010,77.6,65.7,,26,13,42.9,6.3,14.1
OECD average,2010,53.3,36.1,15.2,50.7,17.5,24.9,5.8,18.4
Slovenia,2010,53.3,30,,,,14.4,6.8,13.8
China,2010,67.9,,,,,21.3,,
Chile,2010,45.3,23.8,,,,14.2,,21.7
Belgium,2010,47.7,23.1,7,13,15,39.3,8.5,22.4
Germany,2010,53.2,44.5,20.8,148,14,32.8,3.8,8.8
Spain,2010,52.3,26.5,6.1,52,16,36.6,6.2,39.8
Israel*,2010,52.7,29.3,20.7,,,18.3,,12.9
Netherlands,2010,58.9,63.5,,26,16,40.7,6.8,8.6
Denmark,2010,59.8,59.5,11.8,32,18,38,2.2,11.8
Poland,2010,48.2,22.1,6.2,156,22,20,5.3,25.4
Indonesia,2010,51,,,,,18,,
Turkey,2010,27.6,20.3,,26,16,9.1,2.9,23
United States,2010,58.6,45.1,18.8,12,0,16.8,,15.8
Russian Federation,2010,56,32,,,,14,,17.5
Sweden,2010,67.3,39,14.3,51.4,8.6,45,3.7,23.7
Korea,2010,49.5,27.7,39,0,12.8,14.7,,9
Finland,2010,63.7,40.1,18.9,143.5,17.5,40,6.5,18.9
Japan,2010,49.8,40.5,28.7,44,14,11.3,,8
Switzerland,2010,60.8,60.9,18.5,0,14,29,5.2,8.4
New Zealand,2010,62.1,48.3,6.8,0,14,33.6,,17.4
Portugal,2010,56.3,26.5,13.5,0,10.6,27.4,4.1,23.7
Estonia,2010,55.3,23.9,,,,22.8,8.2,30
Mexico,2010,43.2,29.8,,0,12,26.2,,10.1
South Africa,2010,43.9,10.6,,,,44.5,,54.6
India,2010,29,,,,,10.8,,11.3
United Kingdom,2010,56.6,50.1,19.2,13,52,22,11.7,16.9
Austria,2010,54.6,49.4,19.2,96,16,27.9,4.1,8.8
Greece,2010,44.1,16.2,12.2,41.2,17,17.3,7.5,40.6
Hungary,2010,49.2,16.6,6.4,136,24,9.1,5.5,24.9
Brazil,2012,,,,,,,,
Canada,2012,,,19.2,,,,,
Italy,2012,,,10.6,,,,,
Czech Republic,2012,,,18.1,,,,,
Luxembourg,2012,,,,,,,,
France,2012,,,14.3,,,,,
Slovak Republic,2012,,,14.8,,,,,
Ireland,2012,,,10.7,,,,,
Norway,2012,,,7.8,,,,,
Australia,2012,,,14,,,,,
Iceland,2012,,,13.3,,,,,
OECD average,2012,,,15,,,,,
Slovenia,2012,,,,,,,,
China,2012,,,,,,,,
Chile,2012,,,,,,,,
Belgium,2012,,,7,,,,,
Germany,2012,,,20.8,,,,,
Spain,2012,,,6.1,,,,,
Israel*,2012,,,20.7,,,,,
Netherlands,2012,,,16.7,,,,,
Denmark,2012,,,11.8,,,,,
Poland,2012,,,6.2,,,,,
Indonesia,2012,,,,,,,,
Turkey,2012,,,,,,,,
United States,2012,,,17.8,,,,,
Russian Federation,2012,,,,,,,,
Sweden,2012,,,14.3,,,,,
Korea,2012,,,37.5,,,,,
Finland,2012,,,18.9,,,,,
Japan,2012,,,27.4,,,,,
Switzerland,2012,,,18.5,,,,,
New Zealand,2012,,,4.2,,,,,
Portugal,2012,,,13.5,,,,,
Estonia,2012,,,,,,,,
Mexico,2012,,,,,,,,
South Africa,2012,,,,,,,,
India,2012,,,,,,,,
United Kingdom,2012,,,18.2,,,,,
Austria,2012,,,19.2,,,,,
Greece,2012,,,12.2,,,,,
Hungary,2012,,,6.9,,,,,
Brazil,1991,,,,,,,,
Canada,1991,,57.6,,10,17,,,
Italy,1991,,25,,26,21.7,,,
Czech Republic,1991,,,,134,28,,,
Luxembourg,1991,,48.8,,0,16,,,
France,1991,,29.4,,146,16,,,
Slovak Republic,1991,,,,134,28,,,
Ireland,1991,,36.4,,0,18,,,
Norway,1991,,48.9,,74,6,,,
Australia,1991,,55.9,,0,0,,,
Iceland,1991,,56.5,,17.3,8.7,,,
OECD average,1991,,45.1,,48.6,14.4,,,
Slovenia,1991,,,,,,,,
China,1991,,,,,,,,
Chile,1991,,,,,,,,
Belgium,1991,,29.3,,0,15,,,
Germany,1991,,54.4,,69.3,14,,,
Spain,1991,,28.3,,52,16,,,
Israel*,1991,,22.1,,,,,,
Netherlands,1991,,54.6,,26,16,,,
Denmark,1991,,62.2,,10,18,,,
Poland,1991,,,,156,16,,,
Indonesia,1991,,,,,,,,
Turkey,1991,,35.6,,26,12,,,
United States,1991,,54,,0,0,,,
Russian Federation,1991,,,,,,,,
Sweden,1991,,61.1,,78.3,8.6,,,
Korea,1991,,40,,43.5,8.5,,,
Finland,1991,,46,,143.5,17.5,,,
Japan,1991,,43.9,,0,14,,,
Switzerland,1991,,67.9,,0,8,,,
New Zealand,1991,,52.6,,52,0,,,
Portugal,1991,,46.6,,0,12.9,,,
Estonia,1991,,41.2,,,,,,
Mexico,1991,,32.5,,0,12,,,
South Africa,1991,,,,,,,,
India,1991,,,,,,,,
United Kingdom,1991,,63.7,,0,40,,,
Austria,1991,,,,96,16,,,
Greece,1991,,22.6,,13,15,,,
Hungary,1991,,,,150,12,,,
Brazil,1990,,,,,,,,
Canada,1990,57.5,59.9,,0,17,,,13.2
Italy,1990,33.5,25.4,,26,21.7,,,38.7
Czech Republic,1990,52.3,,,134,28,,,8.7
Luxembourg,1990,35.9,42,,0,16,,,7.8
France,1990,48.2,32,,146,16,,,30.7
Slovak Republic,1990,51.5,,,134,28,,,23.1
Ireland,1990,39.8,39.6,,0,18,,,17.5
Norway,1990,64,50.7,,74,6,,,11.8
Australia,1990,53.7,60.1,,0,0,,,14.8
Iceland,1990,70.3,,,17.3,8.7,,,8.6
OECD average,1990,49.9,45.1,,45.1,14.3,,,17.3
Slovenia,1990,,,,,,,,
China,1990,72.5,,,,,,,
Chile,1990,,,,,,,,
Belgium,1990,40.5,27.5,,0,14,,,23.7
Germany,1990,47.1,54,,56.3,14,,,8
Spain,1990,37.7,28.7,,52,16,,,49.2
Israel*,1990,45.6,22,,,,,,17.1
Netherlands,1990,49,53.4,,0,16,,,13.7
Denmark,1990,57.5,62.2,,10,18,,,12.3
Poland,1990,51.5,,,156,16,,,33.8
Indonesia,1990,50.9,,,,,,,
Turkey,1990,30.9,33.5,,26,12,,,13.1
United States,1990,58.9,56.1,,0,0,,,11.6
Russian Federation,1990,52.9,,,,,,,20
Sweden,1990,67.2,66,,78.3,8.6,,,18.4
Korea,1990,48.4,38.5,,43.5,8.5,,,5.3
Finland,1990,60.9,52.2,,141.5,17.5,,,28.7
Japan,1990,50,43,,0,14,,,6.1
Switzerland,1990,55.9,,,0,8,,,5.3
New Zealand,1990,55.8,56.3,,52,0,,,12.2
Portugal,1990,50.3,47.5,,0,12.9,,,17.7
Estonia,1990,53.3,43.4,,,,,,16.3
Mexico,1990,37.7,,,0,12,,,15.3
South Africa,1990,,,,,,,,
India,1990,35.5,,,,,,,
United Kingdom,1990,53.1,65.9,,0,40,,,12.2
Austria,1990,48.8,,,44,16,,,5.6
Greece,1990,35.5,23.8,,13,15,,,37.7
Hungary,1990,40.5,,,150,12,,,15.6
Brazil,1993,,,,,,,,
Canada,1993,,53.3,,10,17,,,
Italy,1993,,23.2,,26,21.7,,,
Czech Republic,1993,,37.9,,134,28,,,
Luxembourg,1993,,44,,0,16,,,
France,1993,,26.2,,146,16,,,
Slovak Republic,1993,,,,136,28,,,
Ireland,1993,,33.1,,0,18,,,
Norway,1993,,45.8,,81,9,,,
Australia,1993,,54.3,,0,0,,,
Iceland,1993,,53.9,,17.3,8.7,,,
OECD average,1993,,40.2,,53.4,14.9,,,
Slovenia,1993,,,,,,,,
China,1993,,,,,,,,
Chile,1993,,,,,,,,
Belgium,1993,,26.3,,0,15,,,
Germany,1993,,49.7,,148,14,,,
Spain,1993,,22.8,,52,16,,,
Israel*,1993,,24.4,,,,,,
Netherlands,1993,,55,,26,16,,,
Denmark,1993,,59.7,,36,18,,,
Poland,1993,,25.9,,156,16,,,
Indonesia,1993,,,,,,,,
Turkey,1993,,26.3,,26,12,,,
United States,1993,,54.3,,0,0,,,
Russian Federation,1993,,40.8,,,,,,
Sweden,1993,,44.1,,78.3,8.6,,,
Korea,1993,,39.1,,43.5,8.5,,,
Finland,1993,,31,,143.5,17.5,,,
Japan,1993,,44.2,,44,14,,,
Switzerland,1993,,64.9,,0,8,,,
New Zealand,1993,,50.8,,52,0,,,
Portugal,1993,,37.9,,0,12.9,,,
Estonia,1993,,36.2,,,,,,
Mexico,1993,,33.6,,0,12,,,
South Africa,1993,,,,,,,,
India,1993,,,,,,,,
United Kingdom,1993,,57.6,,0,40,,,
Austria,1993,,,,96,16,,,
Greece,1993,,21.1,,15.2,16,,,
Hungary,1993,,30.3,,136,24,,,
Brazil,1992,,,,,,,,
Canada,1992,,55.1,,10,17,,,
Italy,1992,,23.6,,26,21.7,,,
Czech Republic,1992,,,,134,28,,,
Luxembourg,1992,,49,,0,16,,,
France,1992,,28,,146,16,,,
Slovak Republic,1992,,,,134,28,,,
Ireland,1992,,34.2,,0,18,,,
Norway,1992,,47.3,,79,8,,,
Australia,1992,,54.7,,0,0,,,
Iceland,1992,,53.6,,17.3,8.7,,,
OECD average,1992,,42.3,,53.2,14.8,,,
Slovenia,1992,,,,,,,,
China,1992,,,,,,,,
Chile,1992,,,,,,,,
Belgium,1992,,30.3,,0,15,,,
Germany,1992,,52.1,,148,14,,,
Spain,1992,,26.3,,52,16,,,
Israel*,1992,,22.5,,,,,,
Netherlands,1992,,56.3,,26,16,,,
Denmark,1992,,62.1,,36,18,,,
Poland,1992,,28.2,,156,16,,,
Indonesia,1992,,,,,,,,
Turkey,1992,,32.6,,26,12,,,
United States,1992,,53.7,,0,0,,,
Russian Federation,1992,,43.5,,,,,,
Sweden,1992,,54,,78.3,8.6,,,
Korea,1992,,39.6,,43.5,8.5,,,
Finland,1992,,37.1,,143.5,17.5,,,
Japan,1992,,44.6,,44,14,,,
Switzerland,1992,,64.7,,0,8,,,
New Zealand,1992,,51.1,,52,0,,,
Portugal,1992,,41.6,,0,12.9,,,
Estonia,1992,,36.8,,,,,,
Mexico,1992,,33.1,,0,12,,,
South Africa,1992,,,,,,,,
India,1992,,,,,,,,
United Kingdom,1992,,60,,0,40,,,
Austria,1992,,,,96,16,,,
Greece,1992,,21.8,,13,15,,,
Hungary,1992,,33.7,,136,24,,,
Brazil,1995,,,,,,,,
Canada,1995,,53.3,,10,17,,8.4,
Italy,1995,,20.9,,26,21.7,,1.4,
Czech Republic,1995,,38.3,,134,28,,3.8,
Luxembourg,1995,,36.8,,0,16,,5,
France,1995,,23.6,,146,16,,6.4,
Slovak Republic,1995,,31.1,,136,28,,3.2,
Ireland,1995,,35,,0,18,,6.4,
Norway,1995,,47.3,,81,9,,,
Australia,1995,,59.5,,52,0,,,
Iceland,1995,,54.5,,17.3,8.7,,4.7,
OECD average,1995,,39.7,,54.8,14.8,,5.1,
Slovenia,1995,,,,,,,2.7,
China,1995,,,,,,,,
Chile,1995,,,,,,,,
Belgium,1995,,24.2,,0,15,,8.4,
Germany,1995,,45.9,,148,14,,3.7,
Spain,1995,,21.8,,52,16,,7.6,
Israel*,1995,,28.7,,,,,2.2,
Netherlands,1995,,54.8,,26,16,,6.2,
Denmark,1995,,60.9,,36,18,,2.8,
Poland,1995,,23.5,,156,16,,4.7,
Indonesia,1995,,,,,,,,
Turkey,1995,,29.7,,26,12,,,
United States,1995,,55.1,,12,0,,,
Russian Federation,1995,,36.4,,,,,,
Sweden,1995,,43,,54.2,4.3,,,
Korea,1995,,39.6,,43.5,8.5,,0.3,
Finland,1995,,28.2,,143.5,17.5,,,
Japan,1995,,44.4,,44,14,,,
Switzerland,1995,,58.8,,0,8,,2.9,
New Zealand,1995,,55.3,,52,0,,9.5,
Portugal,1995,,32.7,,0,14,,6.2,
Estonia,1995,,33.2,,,,,8.7,
Mexico,1995,,31.6,,0,12,,1.3,
South Africa,1995,,,,,,,,
India,1995,,,,,,,,
United Kingdom,1995,,56.9,,0,40,,11.2,
Austria,1995,,53.2,,96,16,,4.5,
Greece,1995,,20.3,,15.2,16,,6.2,
Hungary,1995,,27,,136,24,,4.4,
Brazil,1994,,,,,,,,
Canada,1994,,53.4,,10,17,,,
Italy,1994,,21.8,,26,21.7,,,
Czech Republic,1994,,39.4,,134,28,,,
Luxembourg,1994,,41.8,,0,16,,,
France,1994,,24.1,,146,16,,,
Slovak Republic,1994,,30.7,,136,28,,,
Ireland,1994,,30.6,,0,18,,,
Norway,1994,,46.6,,81,9,,,
Australia,1994,,57.1,,52,0,,,
Iceland,1994,,53.1,,17.3,8.7,,,
OECD average,1994,,40.2,,55.6,14.9,,,
Slovenia,1994,,,,,,,,
China,1994,,,,,,,,
Chile,1994,,,,,,,,
Belgium,1994,,25.3,,0,15,,,
Germany,1994,,48.6,,148,14,,,
Spain,1994,,21.8,,52,16,,,
Israel*,1994,,27.7,,,,,,
Netherlands,1994,,55,,26,16,,,
Denmark,1994,,59.1,,36,18,,,
Poland,1994,,24.8,,156,16,,,
Indonesia,1994,,,,,,,,
Turkey,1994,,31,,26,12,,,
United States,1994,,55.3,,12,0,,,
Russian Federation,1994,,37.4,,,,,,
Sweden,1994,,42.7,,78.3,8.6,,,
Korea,1994,,39.3,,43.5,8.5,,,
Finland,1994,,28.5,,143.5,17.5,,,
Japan,1994,,44.6,,44,14,,,
Switzerland,1994,,60.8,,0,8,,,
New Zealand,1994,,52.9,,52,0,,,
Portugal,1994,,35.7,,0,12.9,,,
Estonia,1994,,39,,,,,,
Mexico,1994,,32.8,,0,12,,,
South Africa,1994,,,,,,,,
India,1994,,,,,,,,
United Kingdom,1994,,56.9,,0,40,,,
Austria,1994,,56.1,,96,16,,,
Greece,1994,,20.6,,15.2,16,,,
Hungary,1994,,29.5,,136,24,,,
Brazil,1997,,,,,,7,,
Canada,1997,57.8,50.2,,10,17,18,8.1,15.3
Italy,1997,34.1,20.3,,26,21.7,11,1.4,39.6
Czech Republic,1997,51.8,36.1,,156,28,15,3.5,10.3
Luxembourg,1997,38.1,32.1,,0,16,20,4.3,9.2
France,1997,48.2,21.9,,146,16,6,5.8,31.2
Slovak Republic,1997,51.8,32.7,,136,28,15,4.2,22.6
Ireland,1997,42.2,35.7,,0,18,14,6.8,15.2
Norway,1997,67.2,51.8,,81,9,39,6.4,11.1
Australia,1997,53.7,57.6,,52,0,16,8.2,14.7
Iceland,1997,68.4,57.2,,17.3,8.7,25,3.6,7.1
OECD average,1997,49.8,39.1,,54.9,14.8,17.1,5.1,16.8
Slovenia,1997,,,,,,8,3.1,
China,1997,72,,,,,21,,
Chile,1997,34.6,22.1,,,,8,,18.3
Belgium,1997,41,21.8,,0,15,12,7.6,25.7
Germany,1997,47.8,42.1,,148,14,26,3.7,9.6
Spain,1997,38.9,22.5,,52,16,25,7.6,46
Israel*,1997,45.8,28.6,,,,8,2.7,16.1
Netherlands,1997,50.9,59.3,,26,16,31,5.9,9.8
Denmark,1997,59,63.4,,36,18,33,3.6,9.9
Poland,1997,50.3,24.7,,156,16,13,4.8,28
Indonesia,1997,49.3,,,,,13,,
Turkey,1997,28.8,27.4,,26,12,2,,15
United States,1997,59.8,55.9,,12,0,12,,10.7
Russian Federation,1997,50.8,30.2,,,,10,5,23.8
Sweden,1997,66.5,39,,54.2,4.3,40,2.8,20.4
Korea,1997,49.8,37.2,,43.5,8.5,3,0.3,6.5
Finland,1997,60.7,32.7,,143.5,17.5,34,4,25
Japan,1997,50.4,44.7,,44,14,5,,6.3
Switzerland,1997,56.8,62.2,,0,8,21,2.4,3.8
New Zealand,1997,57.1,55.2,,52,0,29,8.9,13.4
Portugal,1997,52.3,34.2,,0,14,13,5.6,18.5
Estonia,1997,53.1,33.9,,,,13,8.7,12.4
Mexico,1997,39.6,32.9,,0,12,14,1.3,10.5
South Africa,1997,,,,,,25,,
India,1997,35,,,,,7,,
United Kingdom,1997,53.9,58.8,,0,40,10,11.2,11.1
Austria,1997,48.5,50.7,,78,16,27,4.8,7.1
Greece,1997,36.2,19.4,,15.2,16,6,6.4,40.6
Hungary,1997,39.3,26.2,,136,24,11,4.6,14.5
Brazil,1978,,,,,,,,
Canada,1978,,,,0,17,,,
Italy,1978,,,,26,21.7,,,
Czech Republic,1978,,,,86,26,,,
Luxembourg,1978,,,,0,16,,,
France,1978,,,,96,16,,,
Slovak Republic,1978,,,,86,26,,,
Ireland,1978,,,,0,12,,,
Norway,1978,,,,64,6,,,
Australia,1978,,,,0,0,,,
Iceland,1978,,,,0,13,,,
OECD average,1978,,,,25.9,13.8,,,
Slovenia,1978,,,,,,,,
China,1978,,,,,,,,
Chile,1978,,,,,,,,
Belgium,1978,,,,0,14,,,
Germany,1978,,,,0,14,,,
Spain,1978,,,,0,14,,,
Israel*,1978,,,,,,,,
Netherlands,1978,,,,0,12,,,
Denmark,1978,,,,0,14,,,
Poland,1978,,,,156,16,,,
Indonesia,1978,,,,,,,,
Turkey,1978,,,,0,12,,,
United States,1978,,,,0,0,,,
Russian Federation,1978,,,,,,,,
Sweden,1978,,,,68.6,8.6,,,
Korea,1978,,,,0,0,,,
Finland,1978,,,,0,31,,,
Japan,1978,,,,0,12,,,
Switzerland,1978,,,,0,8,,,
New Zealand,1978,,,,0,0,,,
Portugal,1978,,,,0,12.9,,,
Estonia,1978,,,,,,,,
Mexico,1978,,,,0,12,,,
South Africa,1978,,,,,,,,
India,1978,,,,,,,,
United Kingdom,1978,,,,0,40,,,
Austria,1978,,,,44,16,,,
Greece,1978,,,,0,12,,,
Hungary,1978,,,,150,12,,,
Brazil,1999,,,,,,6,,
Canada,1999,58.9,53.8,,10,17,21,7.4,12.7
Italy,1999,35.3,21.3,,26,21.7,11,1.6,37.4
Czech Republic,1999,52.1,34.3,,156,28,15,3.9,18.5
Luxembourg,1999,40.7,29.5,,26,16,20,4.8,7.4
France,1999,48.9,23.3,,146,16,11,5.7,28.4
Slovak Republic,1999,51.9,29,,136,28,13,4.1,32.1
Ireland,1999,46.5,44.7,,14,18,12,10.6,9.8
Norway,1999,68.5,55.2,,81,9,36,6.6,9.5
Australia,1999,53.9,59.8,,52,0,22,8.3,12.6
Iceland,1999,70.8,67,,17.3,8.7,25,4.1,4.4
OECD average,1999,50.7,40.2,,56.3,14.8,18.2,5.5,16.2
Slovenia,1999,,,,,,8,4.1,
China,1999,71.4,,,,,22,,
Chile,1999,35.3,18.6,,,,11,,24.9
Belgium,1999,43.2,23.4,,13,15,13,8.4,22.4
Germany,1999,49,44.5,,148,14,31,3.5,7.9
Spain,1999,39.9,26.8,,52,16,25,6.9,36.9
Israel*,1999,47.3,28.3,,,,8,4.1,17.4
Netherlands,1999,52.7,64.8,,26,16,36,6.5,7.9
Denmark,1999,60,62.8,,26,18,37,3.5,10.5
Poland,1999,49.6,21.4,,156,16,13,4.4,32
Indonesia,1999,50.9,,,,,11,,20.5
Turkey,1999,30,28.6,,26,12,2,,14
United States,1999,60,57,,12,0,13,,9.5
Russian Federation,1999,53.9,30,,,,10,3.3,25.8
Sweden,1999,66.6,42.7,,54.2,4.3,43,2.9,13.8
Korea,1999,47.6,31.7,,43.5,8.5,4,0.3,11.7
Finland,1999,62.5,38.2,,143.5,17.5,34,5.9,22.2
Japan,1999,49.6,42.9,,44,14,5,,8.2
Switzerland,1999,58.2,65.6,,0,8,21,2.8,5.7
New Zealand,1999,57.3,51.6,,52,0,29,10.1,13
Portugal,1999,52.1,37.5,,0,15.7,13,4.9,10.8
Estonia,1999,51.9,28,,,,11,9.5,18.5
Mexico,1999,38.4,34.2,,0,12,17,1.3,6.1
South Africa,1999,,,,,,30,,
India,1999,34.5,,,,,8,,
United Kingdom,1999,54.5,58.6,,0,40,18,11.2,10.1
Austria,1999,48.9,49.1,,78,16,26,5.1,5.7
Greece,1999,39.2,22.1,,15.2,16,6,6.5,41
Hungary,1999,45.1,30.4,,136,24,8,4.9,11.5
Brazil,1998,,,,,,7,,
Canada,1998,58.4,51.9,,10,17,21,8.2,13.6
Italy,1998,34.8,20.7,,26,21.7,11,1.6,39
Czech Republic,1998,52,35.8,,156,28,15,3.9,14.8
Luxembourg,1998,38.5,31,,0,16,20,3.1,7.1
France,1998,48.6,22.8,,146,16,11,6.1,28.4
Slovak Republic,1998,51.5,32.1,,136,28,15,3.7,23.4
Ireland,1998,44.3,40.7,,0,18,12,11,12.7
Norway,1998,68.2,55.3,,81,9,36,6.2,9.4
Australia,1998,53.9,58.7,,52,0,16,7.9,13.8
Iceland,1998,69.7,63.5,,17.3,8.7,25,4.5,5.6
OECD average,1998,50.1,39.9,,55,14.8,17.4,5.4,16
Slovenia,1998,,,,,,8,3,
China,1998,71.7,,,,,,,
Chile,1998,35,21.1,,,,8,,18.1
Belgium,1998,41.7,22.6,,13,15,13,8.2,23
Germany,1998,48.2,42.6,,148,14,26,3.5,8.2
Spain,1998,39.2,23.6,,52,16,25,7.7,43
Israel*,1998,46.3,27.8,,,,8,3.4,17.5
Netherlands,1998,51.6,61.4,,26,16,31,6.6,8.5
Denmark,1998,59.5,66.1,,26,18,33,3.2,7.6
Poland,1998,50,25.2,,156,16,13,4.9,25.2
Indonesia,1998,49.7,,,,,11,,
Turkey,1998,29.3,27.7,,26,12,2,,12.8
United States,1998,59.8,57.2,,12,0,12,,9.8
Russian Federation,1998,49.9,27,,,,10,4.4,27.6
Sweden,1998,65.9,40.7,,54.2,4.3,40,3.1,16.1
Korea,1998,47.1,31.5,,43.5,8.5,3,0.3,12.7
Finland,1998,61.1,34.1,,143.5,17.5,34,3.6,24.5
Japan,1998,50.1,44.3,,44,14,5,,7.3
Switzerland,1998,58,59,,0,8,21,3,7
New Zealand,1998,57,53.4,,52,0,29,9.6,13.9
Portugal,1998,51.8,38,,0,14,13,5.2,12.9
Estonia,1998,52.8,33.2,,,,11,9.8,14.2
Mexico,1998,39.4,34.2,,0,12,14,1.4,8.7
South Africa,1998,,,,,,25,,
India,1998,34.8,,,,,7,,
United Kingdom,1998,53.9,58.6,,0,40,18,11.3,10.5
Austria,1998,48.6,50.3,,78,16,26,5.1,6.6
Greece,1998,38.9,22.2,,15.2,16,6,7.5,39.3
Hungary,1998,44,30.7,,136,24,11,4.7,11.7
Brazil,1975,,,,,,,,
Canada,1975,,,,0,15,,,
Italy,1975,,,,26,21.7,,,
Czech Republic,1975,,,,86,26,,,
Luxembourg,1975,,,,0,12,,,
France,1975,,,,0,14,,,
Slovak Republic,1975,,,,86,26,,,
Ireland,1975,,,,0,12,,,
Norway,1975,,,,0,12,,,
Australia,1975,,,,0,0,,,
Iceland,1975,,,,0,13,,,
OECD average,1975,,,,19,12.7,,,
Slovenia,1975,,,,,,,,
China,1975,,,,,,,,
Chile,1975,,,,,,,,
Belgium,1975,,,,0,14,,,
Germany,1975,,,,0,14,,,
Spain,1975,,,,0,12,,,
Israel*,1975,,,,,,,,
Netherlands,1975,,,,0,12,,,
Denmark,1975,,,,0,14,,,
Poland,1975,,,,156,16,,,
Indonesia,1975,,,,,,,,
Turkey,1975,,,,0,12,,,
United States,1975,,,,0,0,,,
Russian Federation,1975,,,,,,,,
Sweden,1975,,,,21,8.6,,,
Korea,1975,,,,0,0,,,
Finland,1975,,,,0,29,,,
Japan,1975,,,,0,12,,,
Switzerland,1975,,,,0,8,,,
New Zealand,1975,,,,0,0,,,
Portugal,1975,,,,0,9,,,
Estonia,1975,,,,,,,,
Mexico,1975,,,,0,12,,,
South Africa,1975,,,,,,,,
India,1975,,,,,,,,
United Kingdom,1975,,,,0,18,,,
Austria,1975,,,,44,16,,,
Greece,1975,,,,0,12,,,
Hungary,1975,,,,150,12,,,
Brazil,1996,,,,,,,,
Canada,1996,57.5,52.1,,10,17,,8.8,13.8
Italy,1996,33.9,20.4,,26,21.7,,1.4,39.5
Czech Republic,1996,51.8,37.3,,156,28,,3.6,8.3
Luxembourg,1996,37,35.3,,0,16,,4.2,8.3
France,1996,48.6,22.9,,146,16,,6.1,30.3
Slovak Republic,1996,52.3,33.1,,136,28,,3.6,21.6
Ireland,1996,41.4,34.2,,0,18,,6.6,17
Norway,1996,65.8,50,,81,9,,6.2,12.7
Australia,1996,53.8,59.1,,52,0,,,14.8
Iceland,1996,69.2,55.1,,17.3,8.7,,4,7.6
OECD average,1996,49.7,39,,55.5,14.8,,5.1,17.1
Slovenia,1996,,,,,,,3.5,
China,1996,72.3,,,,,,,
Chile,1996,33.9,21.4,,,,,,18.5
Belgium,1996,40.6,22.6,,0,15,,7.8,24.4
Germany,1996,47.4,43,,148,14,,3.6,9
Spain,1996,38.2,21.4,,52,16,,7.8,48.9
Israel*,1996,45.6,29.2,,,,,2.4,15.1
Netherlands,1996,49.4,56.8,,26,16,,6.3,12.7
Denmark,1996,58.7,62,,36,18,,3.6,12.4
Poland,1996,51,23.8,,156,16,,4.7,31.2
Indonesia,1996,51.1,,,,,,,17
Turkey,1996,30.6,30.3,,26,12,,,11.1
United States,1996,59.3,55.2,,12,0,,,11.3
Russian Federation,1996,52,34.1,,,,,,20.5
Sweden,1996,67.2,40,,54.2,4.3,,,20.7
Korea,1996,48.9,38.6,,43.5,8.5,,0.3,4.8
Finland,1996,61.1,29.4,,143.5,17.5,,,26
Japan,1996,50,44.4,,44,14,,,6.7
Switzerland,1996,56.9,61.9,,0,8,,2.5,4.1
New Zealand,1996,57.2,56.1,,52,0,,8.8,11.5
Portugal,1996,51.1,32.1,,0,14,,6.2,19.4
Estonia,1996,53.2,32.4,,,,,8.7,16.6
Mexico,1996,37.6,31.6,,0,12,,1.7,12.3
South Africa,1996,,,,,,,,
India,1996,35.3,,,,,,,
United Kingdom,1996,53.5,58.5,,0,40,,10.9,11.1
Austria,1996,48.3,51.8,,96,16,,4.6,6.5
Greece,1996,36.6,20,,15.2,16,,6.7,41.3
Hungary,1996,40,25.2,,136,24,,3.5,16.4
Brazil,1973,,,,,,,,
Canada,1973,,,,0,15,,,
Italy,1973,,,,26,21.7,,,
Czech Republic,1973,,,,86,26,,,
Luxembourg,1973,,,,0,12,,,
France,1973,,,,0,14,,,
Slovak Republic,1973,,,,86,26,,,
Ireland,1973,,,,0,12,,,
Norway,1973,,,,0,12,,,
Australia,1973,,,,0,0,,,
Iceland,1973,,,,0,0,,,
OECD average,1973,,,,18.3,11.9,,,
Slovenia,1973,,,,,,,,
China,1973,,,,,,,,
Chile,1973,,,,,,,,
Belgium,1973,,,,0,14,,,
Germany,1973,,,,0,14,,,
Spain,1973,,,,0,12,,,
Israel*,1973,,,,,,,,
Netherlands,1973,,,,0,12,,,
Denmark,1973,,,,0,14,,,
Poland,1973,,,,156,16,,,
Indonesia,1973,,,,,,,,
Turkey,1973,,,,0,12,,,
United States,1973,,,,0,0,,,
Russian Federation,1973,,,,,,,,
Sweden,1973,,,,0,25.7,,,
Korea,1973,,,,0,0,,,
Finland,1973,,,,0,12,,,
Japan,1973,,,,0,12,,,
Switzerland,1973,,,,0,8,,,
New Zealand,1973,,,,0,0,,,
Portugal,1973,,,,0,9,,,
Estonia,1973,,,,,,,,
Mexico,1973,,,,0,4.3,,,
South Africa,1973,,,,,,,,
India,1973,,,,,,,,
United Kingdom,1973,,,,0,18,,,
Austria,1973,,,,46,12,,,
Greece,1973,,,,0,12,,,
Hungary,1973,,,,150,12,,,
Brazil,1972,,,,,,,,
Canada,1972,,,,0,15,,,
Italy,1972,,,,26,21.7,,,
Czech Republic,1972,,,,86,26,,,
Luxembourg,1972,,,,0,12,,,
France,1972,,,,0,14,,,
Slovak Republic,1972,,,,86,26,,,
Ireland,1972,,,,0,12,,,
Norway,1972,,,,0,12,,,
Australia,1972,,,,0,0,,,
Iceland,1972,,,,0,0,,,
OECD average,1972,,,,18.3,11.8,,,
Slovenia,1972,,,,,,,,
China,1972,,,,,,,,
Chile,1972,,,,,,,,
Belgium,1972,,,,0,14,,,
Germany,1972,,,,0,14,,,
Spain,1972,,,,0,12,,,
Israel*,1972,,,,,,,,
Netherlands,1972,,,,0,12,,,
Denmark,1972,,,,0,14,,,
Poland,1972,,,,156,12,,,
Indonesia,1972,,,,,,,,
Turkey,1972,,,,0,12,,,
United States,1972,,,,0,0,,,
Russian Federation,1972,,,,,,,,
Sweden,1972,,,,0,25.7,,,
Korea,1972,,,,0,0,,,
Finland,1972,,,,0,12,,,
Japan,1972,,,,0,12,,,
Switzerland,1972,,,,0,8,,,
New Zealand,1972,,,,0,0,,,
Portugal,1972,,,,0,9,,,
Estonia,1972,,,,,,,,
Mexico,1972,,,,0,4.3,,,
South Africa,1972,,,,,,,,
India,1972,,,,,,,,
United Kingdom,1972,,,,0,18,,,
Austria,1972,,,,46,12,,,
Greece,1972,,,,0,12,,,
Hungary,1972,,,,150,12,,,
Brazil,1971,,,,,,,,
Canada,1971,,,,0,15,,,
Italy,1971,,,,26,14,,,
Czech Republic,1971,,,,86,26,,,
Luxembourg,1971,,,,0,12,,,
France,1971,,,,0,14,,,
Slovak Republic,1971,,,,86,26,,,
Ireland,1971,,,,0,12,,,
Norway,1971,,,,0,12,,,
Australia,1971,,,,0,0,,,
Iceland,1971,,,,0,0,,,
OECD average,1971,,,,14.9,11.5,,,
Slovenia,1971,,,,,,,,
China,1971,,,,,,,,
Chile,1971,,,,,,,,
Belgium,1971,,,,0,14,,,
Germany,1971,,,,0,14,,,
Spain,1971,,,,0,12,,,
Israel*,1971,,,,,,,,
Netherlands,1971,,,,0,12,,,
Denmark,1971,,,,0,14,,,
Poland,1971,,,,52,12,,,
Indonesia,1971,,,,,,,,
Turkey,1971,,,,0,12,,,
United States,1971,,,,0,0,,,
Russian Federation,1971,,,,,,,,
Sweden,1971,,,,0,25.7,,,
Korea,1971,,,,0,0,,,
Finland,1971,,,,0,12,,,
Japan,1971,,,,0,12,,,
Switzerland,1971,,,,0,8,,,
New Zealand,1971,,,,0,0,,,
Portugal,1971,,,,0,9,,,
Estonia,1971,,,,,,,,
Mexico,1971,,,,0,4.3,,,
South Africa,1971,,,,,,,,
India,1971,,,,,,,,
United Kingdom,1971,,,,0,18,,,
Austria,1971,,,,46,12,,,
Greece,1971,,,,0,12,,,
Hungary,1971,,,,150,12,,,
Brazil,1970,,,,,,,,
Canada,1970,,,,0,0,,,
Italy,1970,,,,26,14,,,
Czech Republic,1970,,,,86,26,,,
Luxembourg,1970,,,,0,12,,,
France,1970,,,,0,14,,,
Slovak Republic,1970,,,,86,26,,,
Ireland,1970,,,,0,12,,,
Norway,1970,,,,0,12,,,
Australia,1970,,,,0,0,,,
Iceland,1970,,,,0,0,,,
OECD average,1970,,,,14.9,10.9,,,
Slovenia,1970,,,,,,,,
China,1970,,,,,,,,
Chile,1970,,,,,,,,
Belgium,1970,,,,0,14,,,
Germany,1970,,,,0,14,,,
Spain,1970,,,,0,12,,,
Israel*,1970,,,,,,,,
Netherlands,1970,,,,0,12,,,
Denmark,1970,,,,0,14,,,
Poland,1970,,,,52,12,,,
Indonesia,1970,,,,,,,,
Turkey,1970,,,,0,12,,,
United States,1970,,,,0,0,,,
Russian Federation,1970,,,,,,,,
Sweden,1970,,,,0,25.7,,,
Korea,1970,,,,0,0,,,
Finland,1970,,,,0,9,,,
Japan,1970,,,,0,12,,,
Switzerland,1970,,,,0,8,,,
New Zealand,1970,,,,0,0,,,
Portugal,1970,,,,0,9,,,
Estonia,1970,,,,,,,,
Mexico,1970,,,,0,4.3,,,
South Africa,1970,,,,,,,,
India,1970,,,,,,,,
United Kingdom,1970,,,,0,18,,,
Austria,1970,,,,46,12,,,
Greece,1970,,,,0,12,,,
Hungary,1970,,,,150,12,,,
Brazil,2002,55.6,40.8,,,,7,4,22.8
Canada,2002,60.9,57.6,24,35,17,21,6.6,11.7
Italy,2002,36.8,21.2,11,26,21.7,10,1.8,31.4
Czech Republic,2002,51,29.2,18.9,156,28,15,3.8,17.3
Luxembourg,2002,43.5,28.4,,26,16,17,3.3,9
France,2002,49.1,25.9,9.6,146,16,11,6.1,20.8
Slovak Republic,2002,52.6,25.3,20.4,136,28,14,3.4,35.5
Ireland,2002,49,42.4,,14,26,12,11.3,8.4
Norway,2002,69.6,57.1,10.7,81,9,36,4.5,10.5
Australia,2002,55.2,60.3,15,52,0,25,7.2,11.7
Iceland,2002,70.5,59.8,,26,13,35,5,4.4
OECD average,2002,51.5,39.1,18.8,59.1,15.6,20.3,5.2,15.7
Slovenia,2002,51.1,26.5,,,,12,4,18.6
China,2002,70.3,,,,,22,,
Chile,2002,33.8,16.8,,,,13,5.3,24.2
Belgium,2002,43.2,26.5,11.6,13,15,23,8,18.3
Germany,2002,49.4,43.2,18.4,148,14,32,3.5,8
Spain,2002,41.8,30.1,,52,16,28,6.3,27.3
Israel*,2002,48.4,25.9,24.5,,,13,4.7,20.8
Netherlands,2002,55,69,18.5,26,16,36,6.9,5.1
Denmark,2002,60.1,61.4,13.7,32,18,38,3.3,7.5
Poland,2002,48.6,17.9,,156,16,20,4.3,44.4
Indonesia,2002,49.4,,,,,8,,
Turkey,2002,27.9,24,,26,12,4,1.9,17.1
United States,2002,59.6,54.3,22.1,12,0,14,,11.1
Russian Federation,2002,53.8,30.4,,,,8,3.3,16.9
Sweden,2002,68.2,47.3,15.8,51.4,8.6,43,3.1,11.9
Korea,2002,49.8,36.5,39.8,46,12.8,6,0.3,7.4
Finland,2002,64,40.1,20.4,143.5,17.5,37,4.8,20.5
Japan,2002,48.5,41,32.5,44,14,7,,8.7
Switzerland,2002,59.3,65.4,21.2,0,8,23,3.7,3.9
New Zealand,2002,59,53.5,7.5,52,0,31,10.7,11.7
Portugal,2002,54.2,36.5,,13,17.1,19,4.8,13.9
Estonia,2002,51.5,21.6,,,,18,7.8,22.5
Mexico,2002,38.7,31.1,,0,12,16,1.5,7.9
South Africa,2002,52.5,13.1,,,,30,,56.4
India,2002,35.4,,,,,9,,
United Kingdom,2002,55.4,59.2,24.4,13,40,18,9.9,8.8
Austria,2002,50.5,47.4,24.5,96,16,27,5,5.8
Greece,2002,40.2,21.4,,15.2,17,9,6.8,35.3
Hungary,2002,45.8,25.8,9.1,136,24,8,5.3,11.9
Brazil,2003,55.9,39.9,,,,9,4.1,24.5
Canada,2003,61.9,58.5,22.5,35,17,21,6.8,11.9
Italy,2003,37.1,20.6,,26,21.7,12,1.9,30.9
Czech Republic,2003,50.8,27.6,18.6,156,28,17,3.9,18.8
Luxembourg,2003,43.7,26.1,,26,16,17,4.9,12.2
France,2003,50.5,28.1,9.8,146,16,12,6,18.9
Slovak Republic,2003,52.9,25.4,20.7,136,28,19,4.2,31.6
Ireland,2003,49.3,43.1,19.7,14,26,13,11.6,8.5
Norway,2003,69,55.4,10.2,81,9,36,4.5,10.7
Australia,2003,55.9,61.2,13,52,0,25,7.4,11.3
Iceland,2003,71.7,67.7,,26,13,35,5.1,7
OECD average,2003,51.6,38.3,18.5,58.7,16.6,21,5.5,16.6
Slovenia,2003,50,24.3,,,,12,4.4,19.8
China,2003,69.9,,,,,22,,
Chile,2003,35.1,17.3,,,,13,,24.9
Belgium,2003,43.6,24.7,15.2,13,15,23,7.4,21.3
Germany,2003,49.5,41.1,23.1,148,14,32,3.6,8.6
Spain,2003,43.3,30.5,,52,16,28,5.8,27.2
Israel*,2003,49.1,26.1,24.6,,,15,5,22.3
Netherlands,2003,54.6,63.8,18.1,26,16,37,7.2,7
Denmark,2003,59.8,57.6,12.3,32,18,38,4.3,9.2
Poland,2003,48,17,,156,16,20,4.4,44.3
Indonesia,2003,49.6,,,,,8,,31.5
Turkey,2003,26.6,21.7,,26,16,4,1.9,18.9
United States,2003,59.5,52.5,20.6,12,0,14,13,11.4
Russian Federation,2003,53.7,29.1,,,,8,5.3,18.8
Sweden,2003,68.1,46,16,51.4,8.6,45,3.1,12.8
Korea,2003,49,36,38.8,46,12.8,6,0.4,9
Finland,2003,63.4,39,20.1,143.5,17.5,37,5.1,21.5
Japan,2003,48.4,40.5,32,44,14,7,,8.7
Switzerland,2003,59.5,62.3,,0,8,23,3.9,8.7
New Zealand,2003,59.4,53.3,7.4,40,12,29,9.8,10.6
Portugal,2003,54.7,34.4,,13,17.1,19,5.9,17
Estonia,2003,52.1,22.6,,,,18,7.7,26
Mexico,2003,38.1,29.6,,0,12,16,1.4,8.3
South Africa,2003,50.4,11.6,,,,30,,58.7
India,2003,35.9,,,,,9,,
United Kingdom,2003,55.3,57.9,24.1,13,52,18,10.2,9.5
Austria,2003,51.1,46.5,21.1,96,16,34,4.8,6.5
Greece,2003,40.9,19.8,,15.2,17,9,6.4,36.6
Hungary,2003,46.9,23.7,1.5,136,24,10,5.1,12.9
Brazil,2000,,,,,,6,3.5,
Canada,2000,59.4,55.7,23.9,10,17,21,7.5,11.4
Italy,2000,35.8,22.1,7.4,26,21.7,11,1.7,35.4
Czech Republic,2000,51.6,33.6,21.8,156,28,15,3.4,17.4
Luxembourg,2000,41.4,28.3,,26,16,17,4.4,7.3
France,2000,49.1,25.2,9.5,146,16,11,5.8,22.6
Slovak Republic,2000,52.6,28.2,,136,28,13,4.2,33.8
Ireland,2000,47.8,45.1,19.7,14,18,12,11.3,7.9
Norway,2000,68.9,55,10.2,81,9,36,4.4,10.9
Australia,2000,54.7,61.1,17.2,52,0,22,8.6,11.3
Iceland,2000,71.3,70.5,,17,8.7,35,4,3.6
OECD average,2000,51,40.6,19.4,57.2,15.1,19.4,5.5,15.3
Slovenia,2000,,,,,,8,4.7,
China,2000,71.1,,,,,22,,
Chile,2000,34.9,18.2,,,,11,,24.8
Belgium,2000,43.6,26.7,13.6,13,15,23,7.9,18.2
Germany,2000,49,44.6,21,148,14,31,3.6,7.5
Spain,2000,41.3,29,,52,16,22,6.7,32.9
Israel*,2000,48.2,29.6,,,,12,4.7,16.8
Netherlands,2000,53.7,65.1,21.4,26,16,36,7.2,7
Denmark,2000,60.2,64,14.7,26,18,37,3.8,7
Poland,2000,49.7,21.8,,156,20,13,4.4,37.3
Indonesia,2000,50.4,,,,,,,20.1
Turkey,2000,26.6,24.8,,26,12,4,,11.9
United States,2000,59.9,57.4,23.1,12,0,13,,8.9
Russian Federation,2000,54.1,30.6,,,,8,3.2,22.2
Sweden,2000,67.5,45.4,15.5,54.2,4.3,43,3,11.3
Korea,2000,48.8,33.7,40.4,43.5,8.5,4,0.3,9
Finland,2000,63.3,39.9,20.4,143.5,17.5,37,5.4,21.8
Japan,2000,49.3,43,33.9,44,14,5,,7.9
Switzerland,2000,57.6,63.5,22.2,0,8,23,3.2,4.1
New Zealand,2000,57.4,52.2,7.1,52,0,29,10.9,12.4
Portugal,2000,52.9,36,,13,17.1,19,4.8,11.6
Estonia,2000,52.1,27,,,,18,9.8,23.7
Mexico,2000,38.9,34,,0,12,18,1.6,6.2
South Africa,2000,,,,,,30,,
India,2000,34.3,,,,,9,,10
United Kingdom,2000,54.9,59.1,26.3,13,40,18,11.5,10.1
Austria,2000,49,48.1,23.1,78,16,27,5.4,5.2
Greece,2000,38.7,22,,15.2,17,6,6.7,37.7
Hungary,2000,45.5,28.8,14.1,136,24,8,5.2,11.2
Brazil,2001,54.2,39.7,,,,6,,22.4
Canada,2001,59.7,56.2,24.4,35,17,21,6.9,11.1
Italy,2001,36.4,22.1,,26,21.7,11,1.6,32.2
Czech Republic,2001,51.3,31.5,19.8,156,28,15,3.9,17.3
Luxembourg,2001,42.4,30.3,,26,16,17,4.3,5.4
France,2001,48.9,25.6,9.7,146,16,11,5.9,20.5
Slovak Republic,2001,53,26.6,,136,28,14,3.9,35.7
Ireland,2001,48.1,43.7,,14,26,12,11.7,7.6
Norway,2001,69.2,55,10.7,81,9,36,3.7,10.3
Australia,2001,55.1,60.6,14.3,52,0,23,7.1,12.3
Iceland,2001,71.1,67,,26,13,35,4.6,4.3
OECD average,2001,51.1,40.1,20,58.3,15.7,19.9,5.3,15.2
Slovenia,2001,,,,,,12,4.9,
China,2001,70.7,,,,,22,,
Chile,2001,34,17.5,,,,11,,23.2
Belgium,2001,41.9,25,13.2,13,15,23,8.8,16.6
Germany,2001,49.3,44.7,20.4,148,14,31,3.5,7.1
Spain,2001,40.3,29.7,,52,16,28,6.8,27
Israel*,2001,48.4,28.5,28.1,,,13,4.7,18.3
Netherlands,2001,53.9,69.2,19.8,26,16,36,7.6,5.2
Denmark,2001,59.7,59,14.5,26,18,37,3.1,9.3
Poland,2001,49.5,20,,156,26,13,4,42
Indonesia,2001,49.9,,,,,8,,26.5
Turkey,2001,27.1,24.4,,26,12,4,2.3,14.4
United States,2001,59.8,56,23.6,12,0,14,,9.6
Russian Federation,2001,53,29.4,,,,8,3.2,19.2
Sweden,2001,68.2,48.4,16.6,54.2,4.3,43,2.9,10.7
Korea,2001,49.3,35.1,39.1,43.5,8.5,6,0.3,8.7
Finland,2001,63.6,40.5,21.2,143.5,17.5,37,5.3,20.2
Japan,2001,49.2,42.4,33.9,44,14,7,,8.7
Switzerland,2001,58.9,63.3,,0,8,23,3.2,5.5
New Zealand,2001,58.3,52.7,8.1,52,0,31,11.2,11.9
Portugal,2001,53.6,37,,13,17.1,17,4.6,12.1
Estonia,2001,52.2,24.6,,,,18,8.3,26.4
Mexico,2001,38,32.3,,0,12,16,1.7,6.7
South Africa,2001,52.9,14,,,,30,,52.2
India,2001,34.8,,,,,9,,
United Kingdom,2001,54.9,58.7,25.6,13,40,18,9.1,8.7
Austria,2001,49.5,47.2,22.8,78,16,27,5.7,5.5
Greece,2001,37.6,21.8,,15.2,17,9,6.3,35.7
Hungary,2001,45.4,26.9,13.7,136,24,8,5.3,10
Brazil,2006,58,42.2,,,,,4.4,23
Canada,2006,61.8,59.3,21.2,35,17,20.8,7.2,10.4
Italy,2006,38.1,20.1,6.9,26,21.7,17.3,7.2,25.3
Czech Republic,2006,50.5,23.7,18.3,156,28,15.5,4.4,18.6
Luxembourg,2006,49.4,21.2,,26,16,23.3,3.9,15.2
France,2006,50.8,26.3,11.9,146,16,12.2,6.7,23.2
Slovak Republic,2006,50.7,22.3,17.8,136,28,20,3.6,27
Ireland,2006,53.1,45,14.4,14,34,13.3,10.6,10
Norway,2006,68.4,53,9.2,82,9,37.9,4.4,8.7
Australia,2006,57.6,62.9,16.7,46,6,24.7,8.5,9.5
Iceland,2006,71.5,75.6,12.4,26,13,33.3,5.5,7.5
OECD average,2006,52.8,38.8,16.1,58.5,17.3,22.9,5.9,15.8
Slovenia,2006,53.3,30.3,,,,12.2,4.7,16.8
China,2006,68.9,,,,,20.3,,
Chile,2006,38.3,18.9,,,,15,,21.6
Belgium,2006,45.8,24.7,10.3,13,15,34.7,8.2,22.6
Germany,2006,52,41.6,22.5,148,14,31.8,3.5,12.6
Spain,2006,48,37.7,10.4,52,16,36,5.7,21.6
Israel*,2006,50.4,28.1,22,,,14.2,4.6,19.1
Netherlands,2006,56.3,61.5,,26,16,36.7,6.1,8.4
Denmark,2006,60.9,64.1,12.8,32,18,36.9,3.9,7.5
Poland,2006,46.6,21,5.3,156,16,20.4,5,31.6
Indonesia,2006,50.3,,,,,11.3,,34.3
Turkey,2006,23.6,19.3,,26,16,4.4,3,20.7
United States,2006,59.4,52.3,19.2,12,0,15.2,13.3,9.7
Russian Federation,2006,55.4,29.6,,,,9.8,5.2,17.2
Sweden,2006,69,44.6,14.6,51.4,8.6,47.3,3.5,21.5
Korea,2006,50.3,32.3,38.5,46,12.8,13.4,0.5,9
Finland,2006,64.6,41.4,19.4,143.5,17.5,38,6,18.4
Japan,2006,48.5,42,33,44,14,9.4,,7.2
Switzerland,2006,59.8,62,19.3,0,14,25,4.3,7.5
New Zealand,2006,61.4,55.3,9.3,39,13,32.2,10.9,10.4
Portugal,2006,55.8,31.6,14.4,13,17.1,21.3,5.5,18.4
Estonia,2006,54.7,26.1,,,,18.8,8.7,14.7
Mexico,2006,41.7,31.8,,0,12,,1.6,7.4
South Africa,2006,51.9,13.6,,,,32.8,,52.3
India,2006,35.3,,,,,8.3,,
United Kingdom,2006,56.6,56.6,21.7,13,52,19.7,11.2,11.8
Austria,2006,52.8,49.9,21.9,96,16,32.2,4.5,9.3
Greece,2006,42.5,18.7,11.9,15.2,17,13,7.1,34.7
Hungary,2006,48.2,18.8,0.4,136,24,10.4,6.1,19.8
Brazil,2007,57.7,42.7,,,,8.8,4.2,21.9
Canada,2007,62.5,59.8,20.8,35,17,20.8,7.1,10
Italy,2007,38,19.5,,26,21.7,17.3,7,23.3
Czech Republic,2007,49.8,23.9,19.8,156,28,15.5,4.4,11
Luxembourg,2007,50.4,18.4,,26,16,23.3,2.6,17.5
France,2007,51.1,27.9,12,146,16,18.5,6.8,20.1
Slovak Republic,2007,50.5,24.1,17.5,136,28,19.3,3.8,19.9
Ireland,2007,54.6,47.1,18,14,42,13.3,10.4,9.5
Norway,2007,69.5,56.3,9.8,82,9,37.9,3.9,6.6
Australia,2007,58.2,63.3,15.4,46,6,24.7,8.7,9.2
Iceland,2007,71.7,75,15.9,26,13,31.7,6.1,6.3
OECD average,2007,53,39.3,16.6,58.5,17.6,23.6,5.9,14.1
Slovenia,2007,53.3,31.4,,,,12.2,4.2,11.2
China,2007,68.8,,,,,20.3,,
Chile,2007,39.1,19.6,,,,15,,20.8
Belgium,2007,46.5,25,9.9,13,15,34.7,8.7,20.9
Germany,2007,52.4,43.5,23.2,148,14,31.6,3.5,11.1
Spain,2007,48.9,37,8.9,52,16,36,5.8,21.9
Israel*,2007,51.1,28.3,21.2,,,14.2,4.8,17
Netherlands,2007,57.5,64,,26,16,36.7,6.5,7.8
Denmark,2007,60.7,64,9.2,32,18,36.9,4.6,7.4
Poland,2007,46.3,22.4,5.9,156,18,20.4,5.1,23.8
Indonesia,2007,50.7,,,,,11.3,1.2,27.3
Turkey,2007,23.6,19.3,,26,16,9.1,2.9,20.8
United States,2007,59.3,51.8,19.8,12,0,16.3,13.6,9.4
Russian Federation,2007,56,31.3,,,,9.8,5.4,14.7
Sweden,2007,69.4,46.5,16.4,51.4,8.6,47.3,3.5,19.5
Korea,2007,50.2,30.4,37.8,46,12.8,13.4,0.5,7.1
Finland,2007,65.1,44.7,21.4,143.5,17.5,42,5.9,16.8
Japan,2007,48.4,41.5,31.7,44,14,9.4,,7.1
Switzerland,2007,59.9,59.7,,0,14,29.5,4.3,7.4
New Zealand,2007,61.8,55.9,7,38,14,32.2,11.2,10.1
Portugal,2007,56.3,30.6,15.3,13,17.1,21.3,4.6,20.3
Estonia,2007,54,30,,,,21.8,8.7,7.1
Mexico,2007,42.4,31.5,,0,12,22.6,1.8,7.5
South Africa,2007,50.8,12.6,,,,32.8,5.3,52.8
India,2007,33.6,,,,,8.3,,
United Kingdom,2007,56.2,54.8,21.6,13,52,19.7,11.2,12.5
Austria,2007,53.5,51.5,21.6,96,16,32.2,4.2,9.1
Greece,2007,42.5,18.7,11.6,15.2,17,16,7.2,32.1
Hungary,2007,48,17.8,3.6,136,24,10.4,5.6,18.6
Brazil,2004,57,41.7,,,,9,3.9,23.3
Canada,2004,61.9,58.2,22.7,35,17,21,7.2,11.8
Italy,2004,38.3,23.1,6.7,26,21.7,12,7.8,27.2
Czech Republic,2004,50.5,25.4,19.1,156,28,17,4.1,19.5
Luxembourg,2004,45.4,20.5,,26,16,17,4.5,22.5
France,2004,50.7,27.4,9.7,146,16,12,6.2,20.7
Slovak Republic,2004,52.5,24.6,20.9,136,28,19,4.8,30.8
Ireland,2004,49.8,42.3,18.2,14,26,13,12,9
Norway,2004,68.8,54.7,9.7,81,9,36,4.5,10.7
Australia,2004,55.7,61.6,14.4,52,0,25,8,10.9
Iceland,2004,69.8,67.5,19.2,26,13,30,5.1,6.8
OECD average,2004,51.8,38,17.4,58.7,16.6,21.5,5.8,17
Slovenia,2004,52.5,28.6,,,,12,4.5,19.2
China,2004,69.5,,,,,20,,
Chile,2004,36.3,18.1,,,,13,,24.6
Belgium,2004,44.5,25.4,11.8,13,15,35,7.7,22.4
Germany,2004,49.8,40.2,22.6,148,14,32,3.6,10.8
Spain,2004,45.2,32,12.6,52,16,28,5.9,26.4
Israel*,2004,49.6,26.8,25.5,,,15,4.3,21.2
Netherlands,2004,55.1,61.3,17.5,26,16,37,6,8.8
Denmark,2004,60.7,61.1,12.3,32,18,38,3.6,7.4
Poland,2004,47.8,17,,156,16,20,4.5,43.3
Indonesia,2004,49.8,,,,,8,,33.5
Turkey,2004,23.3,19.8,,26,16,4,2.1,20.7
United States,2004,59.2,52.2,19.6,12,0,14,13.2,11
Russian Federation,2004,54.2,28.5,,,,10,5.2,18.5
Sweden,2004,67.9,43.3,15.3,51.4,8.6,45,3.3,16.1
Korea,2004,49.9,36.3,38.3,46,12.8,6,0.4,9.4
Finland,2004,63.3,39.3,20,143.5,17.5,38,5.4,19.4
Japan,2004,48.2,40.6,31.1,44,14,7,,8.3
Switzerland,2004,59.1,61.1,20.1,0,8,25,3.7,7.4
New Zealand,2004,59.9,52.6,7.6,40,12,28,9.5,10.5
Portugal,2004,54.8,32.5,13,13,17.1,19,6.6,17.6
Estonia,2004,52.2,21.5,,,,19,9.9,22.4
Mexico,2004,40.4,29.7,,0,12,23,1.4,10.6
South Africa,2004,48.3,11.3,,,,30,,57.1
India,2004,36.4,,,,,9,,
United Kingdom,2004,55.7,58.2,23.3,13,52,18,10.4,9.9
Austria,2004,50.8,47.8,22.4,96,16,34,4.1,10.1
Greece,2004,42.1,21.3,13.9,15.2,17,9,7.1,36.3
Hungary,2004,47,20.8,3,136,24,10,5.4,14.4
Brazil,2005,58.2,41.9,,,,8.6,4.3,24.9
Canada,2005,61.6,58.7,21.3,35,17,21.1,7,10.6
Italy,2005,37.9,20.8,,26,21.7,11.5,7.4,27.4
Czech Republic,2005,50.6,23.3,18.9,156,28,17,4.2,19.1
Luxembourg,2005,46.3,21.3,,26,16,23.3,3.8,16.2
France,2005,50.7,26.7,12.1,146,16,12.2,6.5,21.9
Slovak Republic,2005,51.3,23,20.1,136,28,16.7,4.3,28.8
Ireland,2005,51.9,45.4,13.8,14,26,13.3,11.1,8.8
Norway,2005,68.7,52.5,9.4,81,9,37.9,4.2,11.5
Australia,2005,57,62.3,15.8,52,0,24.7,8.4,10.4
Iceland,2005,71,74.5,13.2,26,13,33.3,4.1,6
OECD average,2005,52.4,38.3,17,58.7,16.6,22.6,5.8,16.5
Slovenia,2005,52.9,29.8,,,,12.2,5.1,17.8
China,2005,69.1,,,,,20.3,0.6,
Chile,2005,37.2,18.6,,,,12.5,,23.8
Belgium,2005,45.7,25.2,11.5,13,15,34.7,8.4,22.1
Germany,2005,51.1,40.1,22,148,14,31.8,3.4,14
Spain,2005,46.4,35.8,12.5,52,16,36,5.5,23.5
Israel*,2005,50,28,22.4,,,15,3.9,18.6
Netherlands,2005,55.8,61,16.7,26,16,36.7,5.5,9.3
Denmark,2005,60.4,60.5,12,32,18,36.9,3.8,8.6
Poland,2005,47.7,18.1,6.3,156,16,20.4,4.5,39.2
Indonesia,2005,50,,,,,11.3,,37.7
Turkey,2005,23.3,19.4,,26,16,4.4,2.6,20.6
United States,2005,59.3,52.6,19,12,0,15.2,13.2,10.1
Russian Federation,2005,54.6,29.2,,,,9.8,5.5,17.2
Sweden,2005,68.8,43.6,14.4,51.4,8.6,45.3,3,21.6
Korea,2005,50.1,35.5,38.3,46,12.8,13.4,0.5,9
Finland,2005,64.2,40.4,18.9,143.5,17.5,37.5,6.1,19.4
Japan,2005,48.4,41.7,32.8,44,14,9,,7.4
Switzerland,2005,59.3,58.8,,0,8,25,3.9,9.1
New Zealand,2005,60.9,53.4,9.6,39,13,32.2,9.6,10.1
Portugal,2005,55.6,31.4,16,13,17.1,21.3,6.7,19.1
Estonia,2005,52.8,25,,,,18.8,9.3,14.9
Mexico,2005,40.6,30.8,,0,12,24.2,1.7,7.4
South Africa,2005,50.4,12.1,,,,32.8,,54.7
India,2005,37,,,,,8.3,,10.3
United Kingdom,2005,55.9,56.7,22,13,52,19.7,10.9,10.7
Austria,2005,51.8,49.4,22,96,16,33.9,4.5,9.9
Greece,2005,42.2,19.8,16.7,15.2,17,13,7.2,34.8
Hungary,2005,47.8,19.3,4,136,24,9.1,6,19.1
Brazil,2008,57.6,43.1,,,,9,,20.5
Canada,2008,62.7,60.3,20.5,35,17,21.3,7.1,10
Italy,2008,38.7,19.4,11.8,26,21.7,21.3,6.8,24.7
Czech Republic,2008,49.3,23.5,20.7,134,28,15.5,4.4,9.9
Luxembourg,2008,48.1,20.6,,26,16,23.3,3.3,24.1
France,2008,51.3,28.3,12.5,146,16,18.2,6.8,18.6
Slovak Republic,2008,51.1,21.4,16.4,136,28,19.3,3.7,19.9
Ireland,2008,54.4,45.5,15,14,42,13.3,11.3,9.7
Norway,2008,70.7,58.3,9.2,82,9,36.1,4,6.8
Australia,2008,58.6,63.6,11.9,46,6,26.7,9,8.6
Iceland,2008,70.9,73.9,13.3,26,13,33.3,6.9,7.5
OECD average,2008,53.1,39.5,16.5,58.8,17.6,23.9,6.1,14.3
Slovenia,2008,53.5,33.2,,,,13.3,5.3,11.3
China,2008,68.3,,,,,21.3,,
Chile,2008,40.9,20.2,,,,15,,23
Belgium,2008,46.9,25,8.9,13,15,35.3,8,18.7
Germany,2008,52.5,44.5,26.1,148,14,31.6,3.6,10
Spain,2008,50.5,35.7,11.8,52,16,36.3,5.9,25.8
Israel*,2008,51.3,28.8,22,,,14.2,5.4,13.4
Netherlands,2008,58.4,65.7,,26,16,39.3,6.5,6.4
Denmark,2008,60.9,65.3,12.3,32,18,38,3,8.7
Poland,2008,46.6,23.7,10,156,18,20.2,5.1,19.9
Indonesia,2008,51,,,,,11.6,1,25.5
Turkey,2008,24.5,19.8,,26,16,9.1,3.3,21.2
United States,2008,59.5,50.2,20.1,12,0,16.8,13.9,11.2
Russian Federation,2008,56.1,33.3,,,,14,5.3,15
Sweden,2008,69.2,45.9,15.4,51.4,8.6,47,3.5,19.6
Korea,2008,50,28.6,38.8,52,12.8,13.7,0.5,8
Finland,2008,65.2,45,21.2,143.5,17.5,41.5,6.1,16.2
Japan,2008,48.4,41.8,30.7,44,14,9.4,,6.6
Switzerland,2008,61.3,61.2,19.5,0,14,28.5,4.4,7.4
New Zealand,2008,62.1,53.8,7.8,38,14,33.1,11.7,10.9
Portugal,2008,56.2,30.8,15.6,13,17.1,28.3,4.2,20.2
Estonia,2008,54.8,33.2,,,,20.8,8.8,11.3
Mexico,2008,43,31.5,,0,12,23.2,1.6,8.4
South Africa,2008,47.2,13.6,,,,33,5.1,50.5
India,2008,32,,,,,9.1,,
United Kingdom,2008,56.5,55,21.8,13,52,19.5,11.6,12
Austria,2008,54.1,52.2,20.9,96,16,,4.3,8.2
Greece,2008,42.6,18.5,9.5,41.2,17,14.7,7.6,28.9
Hungary,2008,47.8,16.8,2.2,136,24,11.1,6,20.9
Brazil,2009,57.9,41.5,,,,9,,23.1
Canada,2009,62.5,57.2,19.8,35,17,22.1,,12.3
Italy,2009,38.3,17,,26,21.7,21.3,6.7,28.7
Czech Republic,2009,49.5,21.7,18.1,134,28,15.5,4,16.7
Luxembourg,2009,49.9,24.2,,26,16,20,2,17.8
France,2009,51.7,28.3,14.3,146,16,18.2,6.8,22.3
Slovak Republic,2009,50.3,18.6,16.5,0,28,19.3,4.3,26.5
Ireland,2009,54,38.5,10.4,14,42,13.3,10.9,19.1
Norway,2009,69.8,54.4,8.7,79,9,39.6,4.3,8
Australia,2009,58.8,60.7,16.4,46,6,26.7,,10.4
Iceland,2009,77.1,67,,26,13,42.9,7.1,12
OECD average,2009,53.3,37.2,16.5,50.7,17.5,24.6,5.8,17.5
Slovenia,2009,53.6,31,,,,13.3,6.2,13.4
China,2009,68.1,,,,,21.3,,
Chile,2009,41.3,19.8,,,,15,,24.4
Belgium,2009,47,23.2,7.5,13,15,35.3,8.5,22.5
Germany,2009,52.9,44.4,21.6,148,14,32.8,3.7,9.8
Spain,2009,51.6,29.1,7.3,52,16,36.3,6,36.4
Israel*,2009,52.3,29.1,20.3,,,17.5,,13.6
Netherlands,2009,58.9,65.2,,26,16,41.3,6.7,7.2
Denmark,2009,60.6,62.8,12.1,32,18,38,3.3,10.3
Poland,2009,47.3,23.2,,156,20,20.2,5.1,21.2
Indonesia,2009,51,,,,,18.2,,23
Turkey,2009,26,19.3,,26,16,9.4,3.2,25
United States,2009,59.2,47,19.8,12,0,16.8,,14.9
Russian Federation,2009,56.3,32.2,,,,14,,19
Sweden,2009,67.6,38.8,14.9,51.4,8.6,47,3.6,23.7
Korea,2009,49.2,27.4,38.9,0,12.8,13.7,,8.5
Finland,2009,64.7,41.6,19.7,143.5,17.5,41.5,6.4,18.8
Japan,2009,48.6,41.2,28.3,44,14,11.3,,8.1
Switzerland,2009,61.6,62.4,,0,14,28.5,4.6,9
New Zealand,2009,62.2,49.2,7.8,0,14,33.6,,17.2
Portugal,2009,56,29.4,,0,10.6,,4.4,21.6
Estonia,2009,55,27,,,,20.8,8.4,22
Mexico,2009,42.2,28.8,,0,12,28.2,,10.6
South Africa,2009,45.4,12,,,,44.5,,52.3
India,2009,30.5,,,,,10.7,,
United Kingdom,2009,56.5,51.2,20.7,13,52,19.5,11.8,15.7
Austria,2009,54.8,51.7,19.4,96,16,27.9,3.9,9.4
Greece,2009,43.4,18.1,,41.2,17,14.7,7.7,33.9
Hungary,2009,48,16.3,3.9,136,24,11.1,6,24.2
